Timestamp,Email,Experience,Goal 1 Progress,Goal 2 Progress,Goal 3 Progress,Goal 1 Connection,Goal 2 Connection,Goal 3 Connection,Teamwork Achieved,Professional Responsibility Achieved,Effective Communication Achieved,Problem Solving Achieved,Cultural Humility Achieved,Ethical Decision Making Achieved,Complete Minor Likelihood,Repeat Experience Likelihood,Pursue Career Likelihood,Recommend Friend Likelihood,Activity Class Discussion,Activity HPE DSI Short Course,Activity Class Presentations,Activity Weekly OneNote,Activity Peer Feedback,Activity Extra Credit,Biggest Lesson Learned,Experience Contribution,Additional Comments
2024-05-10 09:00:00,student1@uh.edu,HON 3397,Lots,Some,Some,Largely,Largely,Partly,A lot,A lot,Moderate,A lot,Moderate,Moderate,Extremely likely,Likely,Extremely likely,Extremely likely,Yes,Yes,Yes,Yes,Yes,No,Data analysis requires patience and iteration,Helped me develop critical thinking skills,Great experience overall
2024-05-10 09:15:00,student2@uh.edu,HON 3397,Lots,Lots,Some,Largely,Largely,Largely,A lot,A lot,A lot,A lot,A lot,A lot,Extremely likely,Extremely likely,Extremely likely,Extremely likely,Yes,Yes,Yes,Yes,Yes,Yes,Collaboration is key to success,Enhanced my statistical knowledge,Excellent course content
2024-05-10 09:30:00,student3@uh.edu,HON 3397,Some,Lots,Little,Largely,Largely,Partly,Moderate,A lot,Moderate,A lot,Moderate,A lot,Likely,Likely,Likely,Likely,Yes,Yes,Yes,Yes,No,No,Machine learning is complex but fascinating,Broadened my technical skills,Would recommend to peers
2024-05-10 09:45:00,student4@uh.edu,HON 3397,Some,Some,Lots,Partly,Largely,Largely,Moderate,Moderate,A lot,A lot,A lot,Moderate,Likely,Extremely likely,Likely,Extremely likely,Yes,Yes,Yes,Yes,Yes,No,R programming is very powerful,Applied data science to my field,Very practical applications
2024-05-10 10:00:00,student5@uh.edu,HON 3397,Lots,Lots,Lots,Largely,Largely,Largely,A lot,A lot,A lot,A lot,Moderate,A lot,Extremely likely,Extremely likely,Extremely likely,Extremely likely,Yes,Yes,Yes,Yes,Yes,Yes,Data-driven decisions are crucial in business,Prepared me for my career,Outstanding learning experience
2024-05-10 10:15:00,student6@uh.edu,HON 3397,Some,Some,Lots,Partly,Largely,Largely,A lot,Moderate,A lot,Moderate,A lot,A lot,Likely,Likely,Likely,Extremely likely,Yes,Yes,Yes,Yes,Yes,Yes,Ethics in data science is critical,Developed cultural awareness,Great team dynamics
2024-05-10 10:30:00,student7@uh.edu,HON 3397,Lots,Some,Some,Largely,Largely,Partly,A lot,A lot,Moderate,A lot,Moderate,Moderate,Extremely likely,Likely,Extremely likely,Likely,Yes,Yes,Yes,Yes,Yes,No,Database skills are essential,Built practical applications,Challenging but rewarding
2024-05-10 10:45:00,student8@uh.edu,HON 3397,Lots,Lots,Some,Largely,Largely,Largely,A lot,A lot,A lot,A lot,A lot,A lot,Extremely likely,Extremely likely,Extremely likely,Extremely likely,Yes,Yes,Yes,Yes,Yes,Yes,Mentoring others reinforced my learning,Leadership opportunities were valuable,Transformative experience
2024-05-10 11:00:00,student9@uh.edu,HON 3397,Some,Some,Lots,Partly,Largely,Largely,Moderate,Moderate,Moderate,A lot,Moderate,Moderate,Likely,Likely,Likely,Likely,Yes,Yes,Yes,Yes,No,Yes,Statistical thinking is universally applicable,Completed my minor successfully,Good foundation in data science
2024-05-10 11:15:00,student10@uh.edu,HON 3397,Lots,Lots,Some,Largely,Largely,Partly,Moderate,A lot,A lot,Moderate,A lot,A lot,Extremely likely,Likely,Likely,Extremely likely,Yes,Yes,Yes,Yes,Yes,No,Social data analysis has real impact,Connected theory to practice,Appreciated the social focus
2024-05-10 11:30:00,student11@uh.edu,HON 3397,Lots,Some,Lots,Largely,Largely,Largely,A lot,A lot,Moderate,A lot,Moderate,Moderate,Extremely likely,Extremely likely,Extremely likely,Extremely likely,Yes,Yes,Yes,Yes,Yes,Yes,AI and cloud computing complement each other,Built strong professional network,Industry-relevant skills
2024-05-10 11:45:00,student12@uh.edu,HON 3397,Some,Lots,Some,Partly,Largely,Largely,Moderate,Moderate,Moderate,Moderate,A lot,Moderate,Likely,Likely,Likely,Likely,Yes,Yes,Yes,Yes,Yes,No,Data science enhances biological research,Learned interdisciplinary approaches,Valuable workshops
2024-05-10 12:00:00,student13@uh.edu,HON 3397,Lots,Lots,Lots,Largely,Largely,Largely,A lot,A lot,A lot,A lot,A lot,A lot,Extremely likely,Extremely likely,Extremely likely,Extremely likely,Yes,Yes,Yes,Yes,Yes,Yes,Leadership experience was invaluable,Secured job in data science,Best course I've taken
2024-05-10 12:15:00,student14@uh.edu,HON 3397,Some,Lots,Some,Largely,Largely,Partly,Moderate,A lot,Moderate,A lot,A lot,A lot,Likely,Extremely likely,Likely,Extremely likely,Yes,Yes,Yes,Yes,Yes,Yes,Engineering and data science integration is powerful,International collaboration was enriching,Global perspective gained
2024-05-10 12:30:00,student15@uh.edu,HON 3397,Lots,Lots,Lots,Largely,Largely,Largely,A lot,A lot,A lot,A lot,Moderate,A lot,Extremely likely,Extremely likely,Extremely likely,Extremely likely,Yes,Yes,Yes,Yes,Yes,Yes,Teaching others deepened my understanding,Completed honors thesis successfully,Rigorous and rewarding
2024-05-10 12:45:00,student16@uh.edu,HON 3397,Lots,Some,Lots,Largely,Largely,Largely,A lot,Moderate,Moderate,A lot,Moderate,Moderate,Extremely likely,Likely,Extremely likely,Extremely likely,Yes,Yes,Yes,Yes,Yes,No,Neural networks are the future,Presented successfully at symposium,Cutting-edge content
2024-05-10 13:00:00,student17@uh.edu,HON 3397,Some,Some,Some,Partly,Partly,Largely,Moderate,Moderate,Moderate,Moderate,Moderate,Moderate,Likely,Likely,Likely,Likely,Yes,Yes,Yes,Yes,No,No,Business analytics is data-driven,Networking opportunities were excellent,Practical business applications
2024-05-10 13:15:00,student18@uh.edu,HON 3397,Lots,Lots,Some,Largely,Largely,Largely,Moderate,A lot,A lot,Moderate,A lot,A lot,Extremely likely,Extremely likely,Likely,Extremely likely,Yes,Yes,Yes,Yes,Yes,Yes,Psychological research benefits from data science,Collaborative research was fulfilling,Interdisciplinary approach valued
2024-05-10 13:30:00,student19@uh.edu,HON 3397,Lots,Some,Lots,Largely,Largely,Largely,A lot,A lot,Moderate,A lot,Moderate,Moderate,Extremely likely,Likely,Extremely likely,Likely,Yes,Yes,Yes,Yes,Yes,Yes,Process optimization through data is efficient,Built working prototype,Hands-on experience appreciated
2024-05-10 13:45:00,student20@uh.edu,HON 3397,Some,Lots,Lots,Largely,Largely,Largely,Moderate,Moderate,A lot,Moderate,A lot,A lot,Extremely likely,Extremely likely,Likely,Extremely likely,Yes,Yes,Yes,Yes,Yes,Yes,Visualization communicates insights effectively,Stakeholder presentations built confidence,Professional development focus